HONG KONG,F,22744.125
HONG KONG,M,32118.75
IND,F,159180.0
IND,M,268560.0
New Delhi,F,113433.0
New Delhi,M,241045.0
SINGAPORE,F,40228.666666666664
SINGAPORE,M,51240.0
UK,F,30516.41791044776
UK,M,41091.0447761194
USA,F,984.4090909090909
USA,M,970.7575757575758
